{"cameraMode":{"drawMode":0,"name":"Shaded","section":"Shading Mode"},"sceneLighting":true,"audioPlay":false,"sceneViewState":{"m_AlwaysRefresh":false,"showFog":true,"showSkybox":true,"showFlares":true,"showImageEffects":true,"showParticleSystems":true,"showVisualEffectGraphs":true,"m_FxEnabled":true},"in2DMode":false,"pivot":{"x":-0.07619123160839081,"y":5.588937759399414,"z":-5.645038604736328},"rotation":{"x":-0.2612224221229553,"y":0.012160885147750378,"z":-0.003291100962087512,"w":-0.9651976227760315},"size":2.423236846923828,"orthographic":false}